Unnamed: 0,name,clonotype_aa,cdr3_alpha_aa,cdr3_beta_aa,TRAV,TRAJ,TRBV,TRBJ,TRBD,TRAV_IMGT,TRAJ_IMGT,TRBV_IMGT,TRBD_IMGT,TRBJ_IMGT,epitope_aa,hla_short,hla_long,data_origin,vdjdb_score,baseMean,log2FoldChange,lfcSE,stat,pvalue,padj,validated,group,abs_fc
340,1_6_B17_112_YLQPRTFLL,TRAV12-1_CVVNREDDMRF_TRAJ43--TRBV5-8_CAIIDRNTGELFF_TRBJ2-2,CVVNREDDMRF,CAIIDRNTGELFF,TRAV12-1,TRAJ43,TRBV5-8,TRBJ2-2,,TRAV12-1*01,TRAJ43*01,TRBV5-8*01,,TRBJ2-2*01,YLQPRTFLL,A2,A*02:01,vdjdb,0.0,186.6829431177289,-4.159585605618788,0.2345156409632353,-17.310511098298996,3.9192054839385164e-67,2.3570239296388128e-65,False,low_nonreactive,
24,1_6_G8_79_YLQPRTFLL,TRAV12-1_CVVNQADKLIF_TRAJ34--TRBV7-9_CATGLANTGELFF_TRBJ2-2,CVVNQADKLIF,CATGLANTGELFF,TRAV12-1,TRAJ34,TRBV7-9,TRBJ2-2,,TRAV12-1*01,TRAJ34*01,TRBV7-9*01,,TRBJ2-2*01,YLQPRTFLL,A2,A*02:01,vdjdb,0.0,176.40718819184755,-3.773478057066282,0.2298929053241679,-15.979084051708233,1.7875320138199112e-57,7.125185748110064e-56,False,low_nonreactive,
197,1_5_B10_21_YLQPRTFLL,TRAV12-1_CVVNKDNDMRF_TRAJ43--TRBV6-2_CASQDINTGELFF_TRBJ2-2,CVVNKDNDMRF,CASQDINTGELFF,TRAV12-1,TRAJ43,TRBV6-2,TRBJ2-2,,TRAV12-1*01,TRAJ43*01,TRBV6-2*01,,TRBJ2-2*01,YLQPRTFLL,A2,A*02:01,vdjdb,0.0,558.527197327246,-3.72805237417956,0.1348155805465919,-26.91122464829436,1.6230593440679719e-159,1.854615810488336e-156,False,low_nonreactive,
67,1_5_H6_89_YLQPRTFLL,TRAV12-2_CAVNRDDKIIF_TRAJ30--TRBV7-9_CASSPDIEAFF_TRBJ1-1,CAVNRDDKIIF,CASSPDIEAFF,TRAV12-2,TRAJ30,TRBV7-9,TRBJ1-1,,TRAV12-2*01,TRAJ30*01,TRBV7-9*01,,TRBJ1-1*01,YLQPRTFLL,A2,A*02:01,vdjdb,0.0,537.852212367881,-3.6372639272523664,0.1354607620569201,-26.11283056097102,2.6068032494219764e-150,1.1170151923773169e-147,False,low_nonreactive,
316,1_6_E7_54_YLQPRTFLL,TRAV12-1_CVVNKGNDMRF_TRAJ43--TRBV2_CASSDLDTGELFF_TRBJ2-2,CVVNKGNDMRF,CASSDLDTGELFF,TRAV12-1,TRAJ43,TRBV2,TRBJ2-2,,TRAV12-1*01,TRAJ43*01,TRBV2*01,,TRBJ2-2*01,YLQPRTFLL,A2,A*02:01,vdjdb,0.0,184.80212724113252,-3.4136137939514555,0.2201084069080093,-15.054462664555675,3.2271072910882285e-51,1.0845611562598478e-49,False,low_nonreactive,
6,1_6_H5_88_YLQPRTFLL,TRAV16_CALSGQVQDQGGSEKLVF_TRAJ57--TRBV7-9_CASSHDIEAFF_TRBJ1-1,CALSGQVQDQGGSEKLVF,CASSHDIEAFF,TRAV16,TRAJ57,TRBV7-9,TRBJ1-1,,TRAV16*01,TRAJ57*01,TRBV7-9*01,,TRBJ1-1*01,YLQPRTFLL,A2,A*02:01,vdjdb,0.0,74.82920175012936,0.0001614353698783,0.2273655378701342,0.0,1.0,1.0,False,mid_unreactive,0.0001614353698783
227,1_5_B5_16_YLQPRTFLL,TRAV12-1_CVVNQISGNTPLVF_TRAJ29--TRBV4-3_CASLGDPNTGELFF_TRBJ2-2,CVVNQISGNTPLVF,CASLGDPNTGELFF,TRAV12-1,TRAJ29,TRBV4-3,TRBJ2-2,,TRAV12-1*01,TRAJ29*01,TRBV4-3*01,,TRBJ2-2*01,YLQPRTFLL,A2,A*02:01,vdjdb,0.0,33.83807942272181,0.0042228278538705,0.3771362318912085,0.0,1.0,1.0,False,mid_unreactive,0.0042228278538705
426,1_6_D5_40_YLQPRTFLL,TRAV12-1_CVPRDTGRRALTF_TRAJ5--TRBV12-4_CASSSIYGTSYEQYF_TRBJ2-7,CVPRDTGRRALTF,CASSSIYGTSYEQYF,TRAV12-1,TRAJ5,TRBV12-4,TRBJ2-7,,TRAV12-1*01,TRAJ5*01,TRBV12-4*01,,TRBJ2-7*01,YLQPRTFLL,A2,A*02:01,vdjdb,0.0,67.11913438155995,-0.0049853461279225,0.2694863966091398,0.0,1.0,1.0,False,mid_unreactive,0.0049853461279225
603,2_16_D3_38_GLCTLVAML,TRAV22_CAAFKAAGNKLTF_TRAJ17--TRBV29-1_CSVGAGGTNEKLFF_TRBJ1-4,CAAFKAAGNKLTF,CSVGAGGTNEKLFF,TRAV22,TRAJ17,TRBV29-1,TRBJ1-4,,TRAV22*01,TRAJ17*01,TRBV29-1*01,,TRBJ1-4*01,GLCTLVAML,A2,A*02:01,vdjdb,0.0,15.65446637261556,0.0068473918965745,0.5568578967176468,0.0,1.0,1.0,False,mid_unreactive,0.0068473918965745
47,1_5_H4_87_YLQPRTFLL,TRAV8-4_CAVSEPSAGKSTF_TRAJ27--TRBV4-1_CASSQGPNGYTF_TRBJ1-2,CAVSEPSAGKSTF,CASSQGPNGYTF,TRAV8-4,TRAJ27,TRBV4-1,TRBJ1-2,,TRAV8-4*01,TRAJ27*01,TRBV4-1*01,,TRBJ1-2*01,YLQPRTFLL,A2,A*02:01,vdjdb,0.0,30.641545136225137,0.0084035639655019,0.3885426837682261,0.0,1.0,1.0,False,mid_unreactive,0.0084035639655019
545,2_15_B21_116_GLCTLVAML,TRAV5_CAEDNNARLMF_TRAJ31--TRBV20-1_CSARDRTGNGYTF_TRBJ1-2,CAEDNNARLMF,CSARDRTGNGYTF,TRAV5*01,TRAJ31*01,TRBV20-1*01,TRBJ1-2*01,,TRAV5*01,TRAJ31*01,TRBV20-1*01,,TRBJ1-2*01,GLCTLVAML,A2,A*02:01,vdjdb,0.0,35.61867125336509,1.8369035132734224,0.3658412772478474,4.74769694207228,2.057460136308742e-06,1.836711809183949e-05,False,high_failed,
523,2_16_A18_101_GLCTLVAML,TRAV12-1_CVVNGKDSSYKLIF_TRAJ12--TRBV2_CASSEGQVLPGEQYF_TRBJ2-7,CVVNGKDSSYKLIF,CASSEGQVLPGEQYF,TRAV12-1,TRAJ12,TRBV2,TRBJ2-7,,TRAV12-1*01,TRAJ12*01,TRBV2*01,,TRBJ2-7*01,GLCTLVAML,A2,A*02:01,vdjdb,0.0,34.02150354750214,1.5833406758916495,0.3542189759092569,4.187637525866623,2.818732207131174e-05,0.0002362497311991,False,high_failed,
108,1_4_F18_161_YLQPRTFLL,TRAV12-3_CAMKGKNQGGKLIF_TRAJ23--TRBV19_CASPDLNTGELFF_TRBJ2-2,CAMKGKNQGGKLIF,CASPDLNTGELFF,TRAV12-3,TRAJ23,TRBV19,TRBJ2-2,TRBD2,TRAV12-3*01,TRAJ23*01,TRBV19*01,,TRBJ2-2*01,YLQPRTFLL,A2,A*02:01,vdjdb,1.0,24.57124153555063,1.3082394540070814,0.4128107879487068,2.926860172455593,0.0034240278470408,0.0229249364446408,False,high_failed,
3,1_6_H2_85_YLQPRTFLL,TRAV21_CAVKDTDKLIF_TRAJ34--TRBV7-8_CASSLAGSSYNSPLHF_TRBJ1-6,CAVKDTDKLIF,CASSLAGSSYNSPLHF,TRAV21,TRAJ34,TRBV7-8,TRBJ1-6,,TRAV21*01,TRAJ34*01,TRBV7-8*01,,TRBJ1-6*01,YLQPRTFLL,A2,A*02:01,vdjdb,0.0,21.861277406877928,1.1165791688532791,0.4511380881999912,2.253365866112874,0.0242360898911882,0.1296120376708165,False,high_failed,
500,2_16_A6_5_GLCTLVAML,TRAV12-1_CVVNTPNDYKLSF_TRAJ20--TRBV9_CASSSGGGAPSGNTIYF_TRBJ1-3,CVVNTPNDYKLSF,CASSSGGGAPSGNTIYF,TRAV12-1,TRAJ20,TRBV9,TRBJ1-3,,TRAV12-1*01,TRAJ20*01,TRBV9*01,,TRBJ1-3*01,GLCTLVAML,A2,A*02:01,vdjdb,0.0,91.33758421644605,1.0387842777511698,0.2102363225815205,4.465376231013314,7.992816851693436e-06,6.884265368745e-05,False,high_failed,
